rider_id,hub_code,city,access_key,sms_tracking_link
BLR_KOR_RIDER_011,KOR,Bangalore,ntjzuc9pn97b,https://scratchcardtrial.netlify.app/?id=ntjzuc9pn97b
BLR_KOR_RIDER_012,KOR,Bangalore,L2357KtYKTiu,https://scratchcardtrial.netlify.app/?id=L2357KtYKTiu
BLR_KOR_RIDER_013,KOR,Bangalore,n23mLzQcJ5fd,https://scratchcardtrial.netlify.app/?id=n23mLzQcJ5fd
BLR_WHT_RIDER_014,WHT,Bangalore,G6aSOzsmHWw4,https://scratchcardtrial.netlify.app/?id=G6aSOzsmHWw4
BLR_WHT_RIDER_015,WHT,Bangalore,2jWVrpAZEjy4,https://scratchcardtrial.netlify.app/?id=2jWVrpAZEjy4
BLR_WHT_RIDER_016,WHT,Bangalore,bMNiK1MTH8yi,https://scratchcardtrial.netlify.app/?id=bMNiK1MTH8yi
BLR_WHT_RIDER_017,WHT,Bangalore,DBw5I2T2HuyS,https://scratchcardtrial.netlify.app/?id=DBw5I2T2HuyS
BLR_WHT_RIDER_018,WHT,Bangalore,gnDhktFNDxI6,https://scratchcardtrial.netlify.app/?id=gnDhktFNDxI6
BLR_IND_RIDER_019,IND,Bangalore,3l64lE7v62Om,https://scratchcardtrial.netlify.app/?id=3l64lE7v62Om
BLR_IND_RIDER_020,IND,Bangalore,qV9fQBrqKI3p,https://scratchcardtrial.netlify.app/?id=qV9fQBrqKI3p
